{
    "utterances": [
        {
            "text": "Activate",
            "entities": [],
            "traits": [],
            "intent": "start_inference"
        },
        {
            "text": "Add layer",
            "entities": [],
            "traits": [],
            "intent": "add_layer"
        },
        {
            "text": "Add node",
            "entities": [],
            "traits": []
        },
        {
            "text": "Give me a new layer",
            "entities": [],
            "traits": []
        },
        {
            "text": "I don't know",
            "entities": [],
            "traits": []
        },
        {
            "text": "I want a new node",
            "entities": [],
            "traits": []
        },
        {
            "text": "Inference",
            "entities": [],
            "traits": [],
            "intent": "start_inference"
        },
        {
            "text": "Start conference",
            "entities": [],
            "traits": [],
            "intent": "start_inference"
        },
        {
            "text": "Start inference",
            "entities": [],
            "traits": [],
            "intent": "start_inference"
        },
        {
            "text": "Start influence",
            "entities": [],
            "traits": [],
            "intent": "start_inference"
        },
        {
            "text": "Starting friends",
            "entities": [],
            "traits": [],
            "intent": "start_inference"
        },
        {
            "text": "add 1 node to layer 1",
            "entities": [
                {
                    "entity": "node_number:node_number",
                    "start": 4,
                    "end": 10,
                    "body": "1 node",
                    "entities": []
                },
                {
                    "entity": "layer_number:layer_number",
                    "start": 14,
                    "end": 21,
                    "body": "layer 1",
                    "entities": []
                }
            ],
            "traits": [],
            "intent": "add_node"
        },
        {
            "text": "add 10 nodes to layer 10",
            "entities": [
                {
                    "entity": "node_number:node_number",
                    "start": 4,
                    "end": 12,
                    "body": "10 nodes",
                    "entities": []
                },
                {
                    "entity": "layer_number:layer_number",
                    "start": 16,
                    "end": 24,
                    "body": "layer 10",
                    "entities": []
                }
            ],
            "traits": [],
            "intent": "add_node"
        },
        {
            "text": "add 100 nodes to layer 85",
            "entities": [
                {
                    "entity": "node_number:node_number",
                    "start": 4,
                    "end": 13,
                    "body": "100 nodes",
                    "entities": []
                },
                {
                    "entity": "layer_number:layer_number",
                    "start": 17,
                    "end": 25,
                    "body": "layer 85",
                    "entities": []
                }
            ],
            "traits": [],
            "intent": "add_node"
        },
        {
            "text": "add 15 nodes to layer 9",
            "entities": [
                {
                    "entity": "node_number:node_number",
                    "start": 4,
                    "end": 12,
                    "body": "15 nodes",
                    "entities": []
                },
                {
                    "entity": "layer_number:layer_number",
                    "start": 16,
                    "end": 23,
                    "body": "layer 9",
                    "entities": []
                }
            ],
            "traits": [],
            "intent": "add_node"
        },
        {
            "text": "add 18 nodes to layer 2",
            "entities": [
                {
                    "entity": "node_number:node_number",
                    "start": 4,
                    "end": 12,
                    "body": "18 nodes",
                    "entities": []
                },
                {
                    "entity": "layer_number:layer_number",
                    "start": 16,
                    "end": 23,
                    "body": "layer 2",
                    "entities": []
                }
            ],
            "traits": [],
            "intent": "add_node"
        },
        {
            "text": "add 3 nodes to layer 0",
            "entities": [
                {
                    "entity": "node_number:node_number",
                    "start": 4,
                    "end": 11,
                    "body": "3 nodes",
                    "entities": []
                },
                {
                    "entity": "layer_number:layer_number",
                    "start": 15,
                    "end": 22,
                    "body": "layer 0",
                    "entities": []
                }
            ],
            "traits": [],
            "intent": "add_node"
        },
        {
            "text": "add 4 nodes to layer 43",
            "entities": [
                {
                    "entity": "node_number:node_number",
                    "start": 4,
                    "end": 11,
                    "body": "4 nodes",
                    "entities": []
                },
                {
                    "entity": "layer_number:layer_number",
                    "start": 15,
                    "end": 23,
                    "body": "layer 43",
                    "entities": []
                }
            ],
            "traits": [],
            "intent": "add_node"
        },
        {
            "text": "add a layer after layer 2",
            "entities": [
                {
                    "entity": "layer_number:layer_number",
                    "start": 18,
                    "end": 25,
                    "body": "layer 2",
                    "entities": []
                }
            ],
            "traits": [],
            "intent": "add_layer"
        },
        {
            "text": "add a layer after layer 52",
            "entities": [
                {
                    "entity": "layer_number:layer_number",
                    "start": 18,
                    "end": 25,
                    "body": "layer 5",
                    "entities": []
                }
            ],
            "traits": [],
            "intent": "add_layer"
        },
        {
            "text": "add a layer after layer 8",
            "entities": [
                {
                    "entity": "layer_number:layer_number",
                    "start": 18,
                    "end": 25,
                    "body": "layer 8",
                    "entities": []
                }
            ],
            "traits": [],
            "intent": "add_layer"
        },
        {
            "text": "add a new layer after layer 67",
            "entities": [
                {
                    "entity": "layer_number:layer_number",
                    "start": 22,
                    "end": 30,
                    "body": "layer 67",
                    "entities": []
                }
            ],
            "traits": [],
            "intent": "add_layer"
        },
        {
            "text": "add layer after layer 7",
            "entities": [
                {
                    "entity": "layer_number:layer_number",
                    "start": 16,
                    "end": 23,
                    "body": "layer 7",
                    "entities": []
                }
            ],
            "traits": [],
            "intent": "add_layer"
        },
        {
            "text": "add node",
            "entities": [],
            "traits": []
        },
        {
            "text": "delete 2 nodes from layer 2",
            "entities": [
                {
                    "entity": "node_number:node_number",
                    "start": 7,
                    "end": 14,
                    "body": "2 nodes",
                    "entities": []
                },
                {
                    "entity": "layer_number:layer_number",
                    "start": 20,
                    "end": 27,
                    "body": "layer 2",
                    "entities": []
                }
            ],
            "traits": [],
            "intent": "delete_node"
        },
        {
            "text": "delete 3 nodes from layer 0",
            "entities": [
                {
                    "entity": "layer_number:layer_number",
                    "start": 20,
                    "end": 27,
                    "body": "layer 0",
                    "entities": []
                },
                {
                    "entity": "node_number:node_number",
                    "start": 7,
                    "end": 14,
                    "body": "3 nodes",
                    "entities": []
                }
            ],
            "traits": [],
            "intent": "delete_node"
        },
        {
            "text": "delete 8 nodes from layer 1",
            "entities": [
                {
                    "entity": "node_number:node_number",
                    "start": 7,
                    "end": 14,
                    "body": "8 nodes",
                    "entities": []
                },
                {
                    "entity": "layer_number:layer_number",
                    "start": 20,
                    "end": 27,
                    "body": "layer 1",
                    "entities": []
                }
            ],
            "traits": [],
            "intent": "delete_node"
        },
        {
            "text": "delete layer 10",
            "entities": [
                {
                    "entity": "wit$number:number",
                    "start": 13,
                    "end": 15,
                    "body": "10",
                    "entities": []
                }
            ],
            "traits": [],
            "intent": "delete_layer"
        },
        {
            "text": "delete layer six",
            "entities": [
                {
                    "entity": "wit$number:number",
                    "start": 13,
                    "end": 16,
                    "body": "six",
                    "entities": []
                }
            ],
            "traits": [],
            "intent": "add_layer"
        },
        {
            "text": "delete number 6",
            "entities": [
                {
                    "entity": "wit$number:number",
                    "start": 14,
                    "end": 15,
                    "body": "6",
                    "entities": []
                }
            ],
            "traits": [],
            "intent": "start_inference"
        },
        {
            "text": "eliminate 11 nodes from layer 7",
            "entities": [
                {
                    "entity": "node_number:node_number",
                    "start": 10,
                    "end": 18,
                    "body": "11 nodes",
                    "entities": []
                },
                {
                    "entity": "layer_number:layer_number",
                    "start": 24,
                    "end": 31,
                    "body": "layer 7",
                    "entities": []
                }
            ],
            "traits": [],
            "intent": "delete_node"
        },
        {
            "text": "eliminate 8 nodes from layer 7",
            "entities": [
                {
                    "entity": "node_number:node_number",
                    "start": 10,
                    "end": 17,
                    "body": "8 nodes",
                    "entities": []
                },
                {
                    "entity": "layer_number:layer_number",
                    "start": 23,
                    "end": 30,
                    "body": "layer 7",
                    "entities": []
                }
            ],
            "traits": [],
            "intent": "delete_node"
        },
        {
            "text": "i want a new layer after layer 13",
            "entities": [
                {
                    "entity": "layer_number:layer_number",
                    "start": 25,
                    "end": 33,
                    "body": "layer 13",
                    "entities": []
                }
            ],
            "traits": [],
            "intent": "add_layer"
        },
        {
            "text": "new layer after layer 4",
            "entities": [
                {
                    "entity": "layer_number:layer_number",
                    "start": 16,
                    "end": 23,
                    "body": "layer 4",
                    "entities": []
                }
            ],
            "traits": [],
            "intent": "add_layer"
        },
        {
            "text": "remove 1 node from layer 12",
            "entities": [
                {
                    "entity": "node_number:node_number",
                    "start": 7,
                    "end": 13,
                    "body": "1 node",
                    "entities": []
                },
                {
                    "entity": "layer_number:layer_number",
                    "start": 19,
                    "end": 27,
                    "body": "layer 12",
                    "entities": []
                }
            ],
            "traits": [],
            "intent": "delete_node"
        },
        {
            "text": "remove 10 nodes from layer 6",
            "entities": [
                {
                    "entity": "node_number:node_number",
                    "start": 7,
                    "end": 15,
                    "body": "10 nodes",
                    "entities": []
                },
                {
                    "entity": "layer_number:layer_number",
                    "start": 21,
                    "end": 28,
                    "body": "layer 6",
                    "entities": []
                }
            ],
            "traits": [],
            "intent": "delete_node"
        }
    ]
}
