Frame,Hand,Label,handDeltaX,handDeltaY,handDeltaZ,thumb1X,thumb1Y,thumb1Z,thumb2X,thumb2Y,thumb2Z,thumb3X,thumb3Y,thumb3Z,index1X,index1Y,index1Z,index2X,index2Y,index2Z,index3X,index3Y,index3Z,middle1X,middle1Y,middle1Z,middle2X,middle2Y,middle2Z,middle3X,middle3Y,middle3Z,ring1X,ring1Y,ring1Z,ring2X,ring2Y,ring2Z,ring3X,ring3Y,ring3Z,pinky1X,pinky1Y,pinky1Z,pinky2X,pinky2Y,pinky2Z,pinky3X,pinky3Y,pinky3Z,second1X,second1Y,second1Z,second2X,second2Y,second2Z,second3X,second3Y,second3Z,second4X,second4Y,second4Z,third1X,third1Y,third1Z,third2X,third2Y,third2Z,third3X,third3Y,third3Z,third4X,third4Y,third4Z,wristUp,wristDown,palmDown,palmUp,palmTowardsFace,palmAwayFromFace,fingersUp,fingersDown,pinchClear
0,left,destroy,0.001343608,0.0001553297,0.001341626,0.02484787,0.004280686,0.006772399,0.02915649,0.002014399,0.01767454,0.02323046,0.008200407,0.02556014,0.04035771,0.05813026,0.03952023,0.01918419,0.01846671,0.02963746,0.01048908,-0.002780676,0.02311012,0.01833151,0.06438076,0.04468738,0.0177809,0.01943433,0.03660171,0.0109563,-0.003524661,0.02655387,-0.001862928,0.05898309,0.05104098,0.0117659,0.01951993,0.03403962,0.01092154,-0.003507376,0.02544963,-0.02132192,0.04818392,0.05664453,0.0009310246,0.02136552,0.02416849,0.006876409,-0.00119102,0.02016354,-0.00553754,-0.07030189,-0.04471076,0.02342948,-0.007218122,-0.01213139,0.02620944,0.005312085,-0.003791511,0.03029387,0.008953571,0.004267573,0.00720384,-0.05932081,-0.04226074,0.02296226,-0.006474137,-0.01557514,0.02624421,0.0052948,-0.002687275,0.034339,0.006637216,0.009553671,105.4587,74.54132,53.6232,126.3768,133.1994,46.80056,40.55927,139.4407,48.4187
1,left,destroy,0.001538217,0.0002733469,0.00111039,0.02487747,0.004329443,0.006631166,0.02924502,0.002066731,0.0175216,0.02325566,0.008273005,0.02551383,0.04064825,0.05828774,0.03898704,0.01949951,0.01855373,0.02937616,0.01077052,-0.002761483,0.02298263,0.01866598,0.06447911,0.04440622,0.01820855,0.01948881,0.03636166,0.01129372,-0.003517151,0.02641311,-0.001436621,0.05902898,0.05100168,0.01216741,0.01955605,0.03387734,0.01125619,-0.003537059,0.02529925,-0.02079682,0.04817879,0.05684377,0.001174822,0.02138519,0.02414039,0.007162586,-0.001244903,0.02006036,-0.00602527,-0.0704453,-0.04421043,0.02327323,-0.007126451,-0.01240468,0.02614374,0.005382895,-0.004111141,0.03035279,0.009021044,0.003894866,0.006459869,-0.05941081,-0.04167923,0.02275003,-0.006370783,-0.01583517,0.02618127,0.005402803,-0.002997279,0.03444639,0.006728888,0.009133756,105.4933,74.50669,53.64999,126.35,132.7771,47.22288,40.55139,139.4486,47.70961
2,left,destroy,0.002105132,3.671646E-05,0.001792163,0.02431736,0.004109025,0.008566678,0.02777375,0.001971722,0.01978078,0.01921406,0.008586168,0.0285888,0.04093968,0.05861616,0.03818122,0.02006431,0.01855481,0.02899265,0.01137584,-0.002903581,0.02267137,0.01903357,0.06450605,0.04421058,0.01899894,0.01940906,0.03599814,0.01203434,-0.003686428,0.02606061,-0.0008175522,0.05877364,0.05130926,0.01293102,0.01943219,0.03366506,0.01201103,-0.003741026,0.02491996,-0.01987939,0.04765439,0.05760881,0.001673445,0.02118993,0.02428284,0.008021593,-0.00195682,0.01967478,-0.008912884,-0.07109022,-0.03882641,0.02297149,-0.006744146,-0.01303485,0.02591904,0.005709291,-0.0047656,0.03031941,0.009361506,0.003082663,-0.001074657,-0.05960047,-0.03290898,0.02231298,-0.005961299,-0.01642409,0.02594235,0.005763888,-0.003624946,0.03430884,0.0075773,0.008327842,104.9554,75.04462,53.41937,126.5806,131.396,48.60404,40.49862,139.5014,45.97435
3,left,destroy,0.002736986,0.0001045465,0.002532184,0.02401592,0.004157782,0.00935702,0.02714092,0.002067327,0.02063115,0.01258565,0.009026408,0.03194289,0.04097447,0.05883658,0.03780296,0.02061766,0.01831508,0.02875586,0.01205419,-0.003302813,0.02226248,0.01915586,0.06421328,0.04458238,0.01982781,0.01898515,0.0357765,0.01288254,-0.004167318,0.0255782,-0.0003567189,0.0579952,0.05219255,0.0137312,0.01898968,0.03360072,0.01288937,-0.004214525,0.02440017,-0.01900317,0.04641891,0.05889876,0.002442285,0.02035046,0.02492714,0.009284899,-0.003659129,0.01885924,-0.01043528,-0.07092655,-0.03657065,0.02260845,-0.006046772,-0.01380005,0.0256092,0.006213546,-0.005434394,0.02993536,0.01021552,0.001967371,-0.009903826,-0.05859733,-0.02689025,0.0217801,-0.005182266,-0.01711577,0.02560236,0.006260753,-0.004256368,0.03353983,0.009660125,0.007508308,103.8345,76.16551,52.74706,127.2529,129.3295,50.67046,40.60583,139.3942,43.79357
4,left,destroy,0.0030092,-0.0002344847,0.00314264,0.02406336,0.004364371,0.009138495,0.02739489,0.00221014,0.02027766,0.008661687,0.008677602,0.03331511,0.04088216,0.05877125,0.03800391,0.02149985,0.01114297,0.03163899,0.01092066,-0.009874821,0.02085799,0.01918576,0.06346333,0.04563093,0.02160475,0.01142025,0.03789926,0.01271283,-0.01116908,0.02347779,7.981062E-05,0.05659974,0.05370384,0.01582024,0.01401258,0.03509313,0.01380696,-0.01083732,0.02170682,-0.01807112,0.04442453,0.06070256,0.005357742,0.01598322,0.02751902,0.01109487,-0.007807136,0.01646885,-0.01092375,-0.06333971,-0.04022674,0.02159149,-0.004969358,-0.01388729,0.02489047,0.004271269,-0.005266786,0.02861342,0.01020455,0.0005753934,-0.01318272,-0.04478729,-0.02776963,0.01979932,-0.003675103,-0.01650709,0.02379633,0.003939509,-0.003495812,0.03132551,0.007174373,0.00581336,102.2671,77.73289,51.56473,128.4353,126.7036,53.2964,41.06675,138.9333,41.33972
5,left,destroy,0.002477586,-0.0006529093,0.002807885,0.02419163,0.004550695,0.008698434,0.02782749,0.002356052,0.01966286,0.007099591,0.008091211,0.03382826,0.04088837,0.0585717,0.03830415,0.0220554,0.005085945,0.03278911,0.009343207,-0.01529741,0.01818031,0.01933539,0.0626775,0.04664281,0.02297749,0.005289793,0.03843945,0.01187502,-0.01719713,0.02002034,0.0005884469,0.05526972,0.05506864,0.01792507,0.008442402,0.035855,0.01389565,-0.01650524,0.01771322,-0.01714024,0.04259646,0.06226283,0.007806033,0.01237321,0.0287652,0.01229088,-0.01091254,0.01360595,-0.01092465,-0.05675089,-0.04273197,0.0206309,-0.004309654,-0.013989,0.02379936,0.004255176,-0.005841374,0.02784772,0.008742452,-0.0001043975,-0.01316827,-0.03336227,-0.02708402,0.01809908,-0.002409935,-0.01582903,0.02177873,0.003563285,-0.003534257,0.02945249,0.003149748,0.004002869,100.9852,79.01482,50.49388,129.5061,124.4627,55.53728,41.61231,138.3877,39.28957
6,left,destroy,0.001779407,-0.001879215,0.00265336,0.02427423,0.004077077,0.008703128,0.02799612,0.001427412,0.01951228,0.007365823,0.006538391,0.034106,0.04178516,0.05680931,0.03995515,0.02113951,-0.008376241,0.03271684,0.005812794,-0.0212692,0.01287118,0.02046153,0.0604223,0.04907496,0.02406268,-0.005448341,0.03774709,0.01028513,-0.02228475,0.01533559,0.00197491,0.05254197,0.05764617,0.02026923,-0.0003602505,0.03559756,0.01291226,-0.02145529,0.01233742,-0.01551446,0.03946614,0.06470422,0.01151621,0.005648613,0.02961311,0.01274779,-0.01494706,0.008327812,-0.01065432,-0.04292858,-0.04445659,0.01840046,-0.006540895,-0.01415005,0.02228007,0.002792239,-0.006421685,0.02624239,0.007066965,-0.001073599,-0.009101287,-0.01512098,-0.02322176,0.01392812,-0.005525351,-0.01661447,0.01965294,0.001962781,-0.003423512,0.02640685,0.0005587339,0.002936006,99.70627,80.29374,47.91227,132.0877,121.6858,58.31422,43.72095,136.2791,37.27538
7,left,destroy,0.001775354,-0.0019238,0.003658131,0.02422971,0.003703117,0.008989692,0.0278153,0.00090909,0.01979978,0.007088959,0.006078362,0.0342494,0.04253192,0.05612075,0.04013993,0.02041313,-0.0130918,0.03161237,0.004235759,-0.02285838,0.01055369,0.02135736,0.05965328,0.04963101,0.02421604,-0.01080465,0.03647441,0.008048162,-0.02549958,0.01107106,0.00298056,0.05169475,0.05836456,0.02138097,-0.006485581,0.03433588,0.01039141,-0.02527106,0.005714566,-0.01443569,0.03856063,0.06549503,0.01437564,1.585484E-05,0.02889305,0.01188827,-0.01758361,0.002180785,-0.01090005,-0.03841674,-0.04296282,0.01737165,-0.005819678,-0.01435313,0.02121187,0.00363946,-0.006595016,0.02442158,0.006632686,-0.001687646,-0.008046851,-0.00948,-0.01926711,0.01355925,-0.003178477,-0.01487049,0.01886862,0.003410935,-0.001238525,0.02292472,-0.001054764,0.001846135,99.59436,80.40564,47.11802,132.882,120.8085,59.19146,44.47552,135.5245,36.42846
8,left,destroy,0.001916349,-0.002115965,0.005005375,0.02433565,0.003497362,0.008783579,0.02792042,0.0008883476,0.01965219,0.007409669,0.006806135,0.03404403,0.04382026,0.05640316,0.03831694,0.01945989,-0.01543725,0.0311518,0.002701268,-0.02347434,0.009669214,0.02279942,0.06051612,0.0479154,0.02381043,-0.01391387,0.03567925,0.004601419,-0.0277189,0.006932765,0.004383788,0.05307853,0.05701849,0.02167375,-0.01013005,0.03325346,0.007222906,-0.02695298,0.0007961988,-0.01317038,0.04041207,0.06463993,0.01600634,-0.003046155,0.02785653,0.01019309,-0.01862884,-0.00208354,-0.01102408,-0.0365802,-0.04103297,0.0166703,-0.005636334,-0.01412591,0.02055231,0.003653765,-0.0066773,0.02322158,0.005582571,-0.002224505,-0.006315678,-0.006299734,-0.01665816,0.01477015,-0.001391768,-0.01138946,0.01793082,0.002887845,-0.0005407333,0.02025139,-0.002741575,0.0006552339,101.3066,78.69339,48.14563,131.8544,121.9874,58.01263,44.06291,135.9371,36.57199
9,left,destroy,0.002684623,-0.0032897,0.006825194,0.02429716,0.003726482,0.008795902,0.027781,0.001526594,0.01980996,0.007296376,0.008229017,0.03375304,0.04401945,0.05779612,0.03593905,0.01884288,-0.01518655,0.03165036,-0.0002231523,-0.02452123,0.007106066,0.02299406,0.06243944,0.04528223,0.02279025,-0.01618588,0.03538588,0.0002342388,-0.02888083,0.001849562,0.004511774,0.0555079,0.05464585,0.02122325,-0.01390791,0.03216064,0.002565332,-0.02714896,-0.005968392,-0.01313354,0.04328275,0.06276162,0.01747245,-0.00727272,0.0261398,0.007312074,-0.01860642,-0.007456839,-0.01078417,-0.0373565,-0.03898355,0.01707802,-0.00364399,-0.01307869,0.02004928,0.004653573,-0.006138384,0.02139612,0.005589962,-0.002094924,-0.003264643,-0.004606247,-0.01233658,0.01662063,0.0007156134,-0.007822186,0.01771819,0.0029217,0.001679569,0.01664938,-0.002952576,-0.0006064773,103.044,76.95604,50.58574,129.4143,124.1316,55.86839,42.36451,137.6355,37.61432
10,left,destroy,0.00316447,-0.003111362,0.006729513,0.02427246,0.00388813,0.008794099,0.0276949,0.001895189,0.01989844,0.007259712,0.009042501,0.03355223,0.04413003,0.05862498,0.03442916,0.01836547,-0.01540089,0.03182691,-0.002413042,-0.02496541,0.00476855,0.02311523,0.06354439,0.04365405,0.02233264,-0.01690006,0.03534377,-0.001956463,-0.02886546,-0.0007225275,0.004623204,0.05688894,0.05319703,0.02093779,-0.01537347,0.03167692,0.0004019961,-0.02648842,-0.008801639,-0.01304147,0.04490805,0.06162867,0.01805853,-0.009181499,0.02512085,0.005547367,-0.01803946,-0.009953648,-0.01052813,-0.03744078,-0.03756353,0.01704763,-0.003420234,-0.01274174,0.01988688,0.00512886,-0.005876124,0.02054393,0.005788922,-0.001875579,-0.0008553788,-0.00343287,-0.008779854,0.01659105,0.0004798174,-0.007250667,0.01752842,0.002751827,0.002202988,0.01539855,-0.002660036,-0.0007235706,104.0771,75.92291,52.18226,127.8177,125.4279,54.57206,41.27181,138.7282,38.28932
11,left,destroy,0.003443196,-0.002810836,0.006338954,0.02425066,0.003976226,0.008814782,0.02762975,0.002009869,0.01997766,0.007245377,0.009339333,0.03347391,0.04414661,0.05900896,0.03374514,0.0183645,-0.01514018,0.03195229,-0.003482223,-0.02506638,0.003373712,0.02314443,0.06400776,0.04295608,0.02230979,-0.01674902,0.03542995,-0.003225371,-0.02864921,-0.002528042,0.004674293,0.0574373,0.05259988,0.02072912,-0.01682115,0.03107271,-0.001244873,-0.02553093,-0.01122007,-0.01296645,0.04553103,0.06118581,0.01848754,-0.01092207,0.02409121,0.00399185,-0.01714134,-0.01206264,-0.01063071,-0.03788269,-0.03690499,0.0170569,-0.003389955,-0.01268861,0.02005081,0.00664258,-0.005286545,0.01988233,0.006007195,-0.001604438,9.688735E-05,-0.003476977,-0.006804794,0.01680005,0.0001928806,-0.006786853,0.01807031,0.003524303,0.003405482,0.01464561,-0.002382398,-0.0007618666,104.4942,75.50581,52.97016,127.0298,126.035,53.96503,40.70524,139.2948,38.64259
12,left,destroy,0.001650855,-0.001006365,0.001846194,0.02427605,0.003948331,0.008757249,0.02767801,0.00189209,0.01992226,0.007347718,0.009203792,0.03348914,0.04432665,0.05893075,0.03364553,0.01856615,-0.01518214,0.03181559,-0.005174041,-0.02499402,0.0005954504,0.02338308,0.06388164,0.04301454,0.02248752,-0.01693952,0.03522646,-0.004886866,-0.02801859,-0.005352259,0.004983515,0.05726385,0.05276035,0.02090624,-0.01701033,0.0308502,-0.001992032,-0.02488363,-0.01249427,-0.0125896,0.04531455,0.06142475,0.01883098,-0.01205003,0.02327359,0.003355086,-0.01675177,-0.01278239,-0.01093873,-0.0379082,-0.03678161,0.01702219,-0.003193498,-0.01277989,0.01998085,0.006688595,-0.005369544,0.01964838,0.006989002,-0.001087785,0.001583025,-0.003710389,-0.003887922,0.01673502,-0.0001689196,-0.006832182,0.01708601,0.003553629,0.001772463,0.01430126,-0.001142859,-0.0007996559,104.4868,75.51318,52.97514,127.0249,125.9285,54.07146,40.6968,139.3032,38.49793
13,left,destroy,0.0009703636,-0.0006114244,0.0009322464,0.02435423,0.003877163,0.008569986,0.02785514,0.001649022,0.0196957,0.00764361,0.008812189,0.03352827,0.04466514,0.05863237,0.03371915,0.0189937,-0.01542449,0.03144449,-0.005925536,-0.02481461,-0.000980258,0.02383916,0.06343675,0.04342061,0.02291291,-0.01734424,0.03475216,-0.005579717,-0.02757227,-0.006797761,0.005582489,0.056674,0.05333415,0.02129927,-0.01739395,0.03036368,-0.00254979,-0.02429044,-0.01351827,-0.01185273,0.04459381,0.0620952,0.01927166,-0.01309299,0.02233034,0.002742395,-0.01630104,-0.01349169,-0.01144947,-0.0376817,-0.03689796,0.01690676,-0.002884626,-0.01300913,0.01987032,0.006812453,-0.005525053,0.01946282,0.007779241,-0.0007277131,0.002119675,-0.004054904,-0.002389431,0.01656094,-0.0001269579,-0.007191628,0.01684039,0.003530622,0.001195461,0.01417063,-0.000210166,-0.0007542968,104.2179,75.78207,52.54829,127.4517,125.2856,54.71436,40.98192,139.0181,37.88976
14,left,destroy,0.0005833209,-0.0003734827,0.0002974421,0.02443638,0.003764153,0.008384541,0.02804707,0.001302719,0.01944768,0.007947095,0.00821805,0.0336085,0.04500937,0.05813861,0.03411429,0.01945582,-0.01580691,0.03096849,-0.006472625,-0.02458179,-0.002382219,0.02431151,0.06272268,0.04418929,0.02337768,-0.01788139,0.03416547,-0.005913787,-0.02722752,-0.007827163,0.006210312,0.05574405,0.05423732,0.02172253,-0.01788974,0.02977002,-0.002692953,-0.02397907,-0.01403642,-0.01107438,0.04347074,0.06302829,0.01965421,-0.01349735,0.02174857,0.002469003,-0.0160352,-0.01385829,-0.01198173,-0.03726482,-0.03725055,0.016776,-0.002509594,-0.01327199,0.01975635,0.006986976,-0.005652577,0.019353,0.007880926,-0.0007695258,0.002437986,-0.004464984,-0.001259834,0.01621716,0.000136137,-0.007827044,0.01653552,0.003738523,0.0005566776,0.01419105,-6.29425E-05,-0.0009476542,103.7968,76.20322,51.8001,128.1999,124.4041,55.59592,41.51351,138.4865,37.13911
15,left,destroy,0.0005384684,0.0001636744,-0.0008553565,0.02446066,0.003597975,0.008386657,0.02807669,0.0009413958,0.01942581,0.007997736,0.00775218,0.03370699,0.04528955,0.05762863,0.03460516,0.01961,-0.01605237,0.03074417,-0.006421246,-0.02456486,-0.002676785,0.02465436,0.06211662,0.04485057,0.02349935,-0.01827896,0.03387031,-0.005950235,-0.02710092,-0.00822857,0.00659667,0.05503893,0.05490763,0.02182942,-0.0182606,0.02946508,-0.002767928,-0.02376401,-0.0143832,-0.01066005,0.04268181,0.06363593,0.0197835,-0.01380765,0.02143434,0.002307877,-0.0158819,-0.01406091,-0.0123622,-0.0370369,-0.03753686,0.01674584,-0.0022614,-0.01337156,0.01972762,0.007059336,-0.005651832,0.01930264,0.007904172,-0.0006975532,0.002056785,-0.004719853,-0.001153082,0.01627483,0.0002746582,-0.007819772,0.01654531,0.003722429,0.000502795,0.01422683,2.205372E-05,-0.001019835,103.6181,76.38187,51.19551,128.8045,124.0234,55.97658,42.02359,137.9764,36.92189
16,left,destroy,0.000483647,0.0003261566,-0.001286864,0.02447359,0.003493071,0.008393377,0.0280974,0.000649929,0.01940781,0.008013867,0.00731051,0.03380173,0.04541812,0.05723131,0.03509262,0.01979563,-0.01622832,0.03053206,-0.006289288,-0.02456939,-0.002936244,0.02483167,0.06157279,0.04549795,0.02365523,-0.01860106,0.03358528,-0.00591135,-0.02699149,-0.008607447,0.006831139,0.05435419,0.05555728,0.02196895,-0.01856554,0.02916932,-0.002774306,-0.02356088,-0.01471245,-0.0103709,0.04187381,0.06421793,0.01993223,-0.01405847,0.02113134,0.002203748,-0.01572716,-0.01425031,-0.01264276,-0.03685999,-0.0378235,0.01672684,-0.001968741,-0.01345855,0.01968682,0.007183075,-0.005643368,0.01923876,0.007973313,-0.0006226599,0.001660392,-0.004980087,-0.00108552,0.01634891,0.0004533529,-0.007787347,0.01654977,0.00375247,0.000461638,0.01426071,0.0001395941,-0.001084805,103.193,76.80698,50.57752,129.4225,123.4539,56.5461,42.43877,137.5612,36.56852
17,left,destroy,0.0004151464,0.0005521774,-0.001621485,0.02446155,0.003429294,0.008454487,0.02806668,0.0004281998,0.01945832,0.007938921,0.006954551,0.03389439,0.0454009,0.05695283,0.0355648,0.01991333,-0.01631379,0.03040969,-0.006074086,-0.02460909,-0.003054738,0.02483083,0.06115401,0.04605968,0.02373513,-0.01883197,0.03339964,-0.005811907,-0.0269202,-0.008893639,0.006865419,0.05380368,0.05608638,0.02204302,-0.01879311,0.02896702,-0.002712131,-0.02340937,-0.0149636,-0.01029578,0.04120731,0.06465961,0.02002988,-0.01423275,0.02092123,0.002168767,-0.01561403,-0.0143795,-0.012786,-0.03678155,-0.03806168,0.01674828,-0.001682997,-0.01348484,0.01965751,0.007311463,-0.005594075,0.01917434,0.008036017,-0.0005274415,0.001227006,-0.00521791,-0.00111255,0.0164861,0.0006281137,-0.007645935,0.01655774,0.003800631,0.0004758835,0.01429344,0.0002406836,-0.001111537,102.8135,77.18645,50.19052,129.8095,123.0711,56.92891,42.65336,137.3466,36.37289
18,left,destroy,0.0004620254,0.0005882978,-0.001463279,0.02443147,0.003362536,0.008567512,0.02798239,0.0002472401,0.01958245,0.007782727,0.006737471,0.03397438,0.04537356,0.0567553,0.03591356,0.01991442,-0.01629281,0.03042024,-0.005853131,-0.02466726,-0.003016055,0.02479568,0.06089795,0.04641643,0.02368207,-0.01896465,0.03336227,-0.005733334,-0.0268786,-0.009068817,0.006823033,0.05349183,0.05638894,0.02199762,-0.0189476,0.02890083,-0.002650432,-0.02332044,-0.01511288,-0.01034424,0.0408479,0.06487954,0.02004109,-0.01435649,0.0208258,0.002150334,-0.01556969,-0.01443022,-0.01287412,-0.03685272,-0.03818384,0.01681023,-0.001470804,-0.0134449,0.0196571,0.007389069,-0.005511075,0.0191238,0.008052826,-0.0004155636,0.0007617399,-0.005447984,-0.001193404,0.01669043,0.0007405281,-0.007392138,0.0165742,0.00383091,0.0005329847,0.01432303,0.0003020763,-0.001098216,102.7064,77.2936,50.05903,129.941,123.0542,56.94584,42.73685,137.2632,36.45979
19,left,destroy,0.0003489405,0.0005817413,-0.00103882,0.02438679,0.003316045,0.008711755,0.02786524,9.918213E-05,0.0197501,0.00756339,0.006579995,0.0340547,0.04527345,0.05663025,0.03623594,0.01984594,-0.01624811,0.03048885,-0.005574524,-0.02475095,-0.002855033,0.02466781,0.06073296,0.04670005,0.02356293,-0.01906085,0.0333918,-0.00564234,-0.02685237,-0.009202927,0.00667008,0.05328906,0.05659895,0.02189777,-0.01907337,0.02889392,-0.002565809,-0.02325952,-0.01522106,-0.01051782,0.04061282,0.06499918,0.02001452,-0.01446056,0.02077931,0.002158239,-0.01555037,-0.01445007,-0.01286736,-0.03696692,-0.03826293,0.01688865,-0.001289964,-0.01336706,0.01966289,0.007456422,-0.005401015,0.01907115,0.008063436,-0.0002856255,0.0002705529,-0.005635977,-0.001353204,0.01695646,0.0008114576,-0.007019162,0.01658636,0.003863573,0.0006171167,0.0143471,0.00035429,-0.001056612,102.6298,77.37019,50.03341,129.9666,123.131,56.86895,42.72929,137.2707,36.62265
20,left,destroy,0.0002360046,0.0004943609,-0.0008980632,0.024338,0.003248453,0.008872181,0.02773724,-9.23872E-05,0.01992953,0.007323943,0.006361246,0.03414842,0.04516352,0.05643022,0.03668246,0.01974751,-0.01627016,0.03054094,-0.004908592,-0.02496326,-0.002139091,0.02452405,0.06048214,0.04709956,0.02341249,-0.0192306,0.0334003,-0.005557254,-0.02680624,-0.009386927,0.006492198,0.05298996,0.05689952,0.02177081,-0.01926517,0.02886248,-0.002479494,-0.02317238,-0.01536757,-0.01072582,0.04027343,0.0651761,0.0199679,-0.0146153,0.02071577,0.002173312,-0.01550686,-0.01449448,-0.01283579,-0.03700399,-0.03842169,0.01697449,-0.00109148,-0.01327646,0.01967353,0.007526755,-0.005262136,0.01902093,0.008066654,-0.0001298785,-0.0006032586,-0.005679488,-0.002134174,0.01762316,0.0007514954,-0.006028622,0.01659577,0.003892899,0.0007185042,0.01436812,0.0004011393,-0.001002967,102.4889,77.51105,49.91539,130.0846,123.1379,56.86207,42.7859,137.2141,36.75988
21,left,destroy,0.0001074374,0.000399828,-0.0007543117,0.02428448,0.003149629,0.009052649,0.0275961,-0.0003460646,0.02012171,0.007061556,0.006056666,0.03425893,0.04504654,0.05612147,0.03729495,0.01961265,-0.01638532,0.03056625,-0.004366927,-0.0251013,-0.001639456,0.02436656,0.0601083,0.04765666,0.02322342,-0.01950085,0.03337559,-0.005481176,-0.02673209,-0.009639889,0.006289415,0.05255437,0.05732486,0.02161042,-0.01954532,0.02879468,-0.002392285,-0.02304816,-0.01556695,-0.01097088,0.03978693,0.06543356,0.01989668,-0.01483679,0.0206266,0.002195008,-0.01543009,-0.0145728,-0.0127786,-0.03693259,-0.03868684,0.01706921,-0.0008713007,-0.01317105,0.01969014,0.0075984,-0.005087286,0.01897403,0.008058906,5.936623E-05,-0.00135012,-0.005774617,-0.002788454,0.01818346,0.0007594824,-0.005170614,0.01660125,0.003914475,0.0008397698,0.01438674,0.000440836,-0.0009347796,102.3056,77.69442,49.66133,130.3387,123.1149,56.88514,42.96,137.04,36.94118
22,left,destroy,-0.0002109855,0.00032866,-0.0005539507,0.02418319,0.003046989,0.009353876,0.02734885,-0.0005936623,0.02045083,0.006626457,0.005776525,0.03439397,0.04474986,0.05581796,0.03809893,0.019303,-0.01650333,0.03069961,-0.004207976,-0.02512431,-0.0017021,0.02397709,0.05975664,0.04829207,0.02284895,-0.01975954,0.03348166,-0.005361348,-0.02666295,-0.009895205,0.005801827,0.05215681,0.0577378,0.02129,-0.01981843,0.02884662,-0.002230167,-0.02293694,-0.01575407,-0.01154723,0.03935349,0.06559634,0.01970975,-0.01505363,0.02064905,0.002291784,-0.01536763,-0.01462379,-0.01252082,-0.0368613,-0.03899384,0.01722682,-0.0006824732,-0.01297519,0.01973422,0.00765872,-0.004810691,0.0189293,0.008038521,0.0003390312,-0.001686387,-0.005960464,-0.002897769,0.01838019,0.0008561611,-0.004782081,0.01660304,0.003932714,0.001048177,0.01440735,0.0004692078,-0.0007912517,102.1229,77.87713,49.43898,130.561,123.3067,56.69326,43.10433,136.8957,37.43401
23,left,destroy,-0.0002127141,0.000322938,-0.0004753768,0.0240816,0.002957225,0.009640396,0.02710701,-0.0008194447,0.02076264,0.006205589,0.005520344,0.03451437,0.0444409,0.05554998,0.0388449,0.01900884,-0.01660156,0.03082988,-0.00404153,-0.02514887,-0.001741678,0.02357969,0.05944026,0.04887469,0.0224948,-0.01999116,0.03358388,-0.005234897,-0.02659941,-0.01013094,0.005315125,0.05179513,0.05810912,0.02098846,-0.02007186,0.02889237,-0.002065323,-0.02283585,-0.01592252,-0.01211233,0.03895557,0.06573178,0.01953675,-0.01525593,0.02066496,0.002389133,-0.01531327,-0.01466516,-0.01226112,-0.03681064,-0.03927174,0.01737525,-0.000500679,-0.0127838,0.01977091,0.007725835,-0.004542917,0.01887917,0.00802362,0.0006047487,-0.002014004,-0.006141424,-0.003015697,0.01856861,0.0009498596,-0.004394531,0.01660133,0.003962278,0.001248658,0.01442471,0.0005010366,-0.0006526113,101.9444,78.05564,49.22716,130.7728,123.4838,56.5162,43.24121,136.7588,37.90966
24,left,destroy,-0.0002101213,0.0003201962,-0.0004003495,0.02399262,0.002891779,0.009879142,0.02689882,-0.001001954,0.02102375,0.00584583,0.005316019,0.03460908,0.04416586,0.05535567,0.03943154,0.01877534,-0.01665211,0.03094554,-0.003868364,-0.02517629,-0.001737922,0.02323318,0.05920112,0.04932883,0.02221046,-0.02016389,0.03366974,-0.005111739,-0.02655053,-0.01032057,0.004901364,0.05151451,0.05839416,0.02074861,-0.02027845,0.02892122,-0.001915962,-0.02275741,-0.01605287,-0.01258236,0.03864133,0.06582886,0.01940854,-0.01542401,0.02066091,0.002468877,-0.01527798,-0.01468885,-0.01204976,-0.03681374,-0.03947419,0.01749758,-0.0003336668,-0.01262149,0.01979366,0.007801175,-0.004316807,0.0188238,0.008018732,0.0008256137,-0.002335571,-0.00632143,-0.003127187,0.01874095,0.001040578,-0.004038841,0.01659788,0.004008055,0.001415491,0.01443896,0.0005393028,-0.0005384088,101.7836,78.21643,49.1095,130.8905,123.639,56.36103,43.29303,136.707,38.30289
25,left,destroy,-0.0002378225,0.0002609491,-0.0005051941,0.02392667,0.002792478,0.01006593,0.02672759,-0.001203179,0.02123058,0.005570702,0.005155444,0.03467867,0.04407568,0.05513144,0.03984441,0.01856814,-0.01669502,0.03104728,-0.003749937,-0.02519774,-0.001686811,0.02309964,0.05898881,0.04964481,0.02195387,-0.02032697,0.03373995,-0.005059697,-0.02650714,-0.01045674,0.004704446,0.05131149,0.05858879,0.02052784,-0.02047443,0.02894083,-0.001840338,-0.02270257,-0.01613927,-0.01284508,0.03845119,0.06588946,0.01929058,-0.01559269,0.02064487,0.002493232,-0.01527345,-0.01468933,-0.01198955,-0.03684711,-0.03959519,0.01759031,-0.0002254248,-0.01249307,0.01982122,0.007824779,-0.004144847,0.01878679,0.007978559,0.0009952784,-0.00266891,-0.006493926,-0.003229707,0.01890007,0.00108397,-0.003723145,0.01660186,0.004020214,0.001537681,0.01445322,0.0005494356,-0.0004546642,101.8051,78.19489,49.07665,130.9234,123.902,56.09803,43.33424,136.6658,38.71077
26,left,destroy,-0.0003250837,0.0003474951,-0.0002710819,0.02388715,0.002747655,0.01017153,0.02662225,-0.001320124,0.02135557,0.005397812,0.005082369,0.03471676,0.04403357,0.05505562,0.03999555,0.0184747,-0.01664269,0.03113094,-0.003614284,-0.02522421,-0.001581728,0.02303931,0.0589205,0.04975387,0.02182678,-0.02037704,0.03379202,-0.005006813,-0.02649152,-0.0105215,0.004618317,0.05124938,0.05864993,0.0204217,-0.02057302,0.0289458,-0.001783483,-0.02268696,-0.0161674,-0.01295769,0.03839636,0.06589937,0.01925545,-0.01569164,0.02060258,0.002491221,-0.01529849,-0.01466343,-0.01199887,-0.0369854,-0.03959939,0.01764218,-0.0001305342,-0.0124194,0.01982608,0.007867098,-0.004049838,0.01874226,0.007971644,0.001093775,-0.002986774,-0.00667882,-0.003300905,0.01903471,0.00113678,-0.00347963,0.01660275,0.004062533,0.001596063,0.01446755,0.0005831718,-0.0004101992,101.9384,78.06156,49.18787,130.8121,124.2139,55.78607,43.27776,136.7222,39.04939
27,left,destroy,-0.0002711117,0.0002105236,-0.0003338009,0.0238568,0.002712131,0.010252,0.02653738,-0.001424313,0.02145433,0.005263373,0.005023122,0.03474602,0.04401665,0.05500495,0.04008365,0.01841259,-0.01657689,0.03120282,-0.003475122,-0.02525127,-0.001458853,0.02301243,0.05887699,0.04981771,0.02173657,-0.02040648,0.03383246,-0.004959024,-0.02648127,-0.01056966,0.004575506,0.05121195,0.05868596,0.02034819,-0.02065182,0.02894154,-0.001738086,-0.02267933,-0.01618317,-0.01301754,0.03836536,0.06590563,0.01924266,-0.0157758,0.02055022,0.002479099,-0.01533043,-0.01463225,-0.01203506,-0.03714025,-0.03958014,0.01768024,-4.243851E-05,-0.0123637,0.0198253,0.007910371,-0.003977329,0.01869857,0.007970572,0.001171649,-0.003296562,-0.006865859,-0.003375262,0.01916414,0.001187563,-0.003252894,0.01660436,0.004108429,0.001636177,0.01448139,0.0006216764,-0.0003792644,102.0654,77.93456,49.31536,130.6846,124.4949,55.50506,43.20317,136.7968,39.33561
28,left,destroy,-0.0002072901,5.877018E-05,-0.0004123002,0.02383158,0.002678633,0.01031922,0.02646291,-0.001528144,0.02153899,0.0051542,0.004965782,0.03477064,0.04401816,0.05495918,0.04014477,0.0183644,-0.01650965,0.03126678,-0.003335781,-0.0252775,-0.001324862,0.02300849,0.05883968,0.0498637,0.02166379,-0.02042818,0.03386608,-0.004916936,-0.02647316,-0.01060981,0.004559696,0.05118179,0.0587135,0.02029008,-0.0207206,0.02893323,-0.001701996,-0.02267444,-0.01619372,-0.01304705,0.03834271,0.06591299,0.01923944,-0.01585257,0.0204941,0.002460279,-0.01536596,-0.01459825,-0.01208808,-0.03729904,-0.03955334,0.01771028,3.802776E-05,-0.01231822,0.0198225,0.007950306,-0.003916949,0.01865739,0.007971048,0.001239628,-0.003598094,-0.007055759,-0.003457844,0.01929144,0.001233697,-0.00303328,0.01660756,0.004151583,0.001666963,0.01449512,0.0006625652,-0.0003558397,102.1443,77.85571,49.42455,130.5754,124.7077,55.29232,43.12743,136.8726,39.55579
29,left,destroy,-0.0002019107,0.0002201796,-0.0003719181,0.02380508,0.002636194,0.01039106,0.02638338,-0.001644254,0.02162781,0.005051531,0.004899502,0.03479511,0.04402547,0.0548923,0.04022837,0.01830185,-0.01645672,0.0313313,-0.003197022,-0.02530265,-0.001179576,0.02300881,0.05878603,0.04992685,0.02157428,-0.02046907,0.0338985,-0.004885785,-0.02645802,-0.01066187,0.004543237,0.05113971,0.05875152,0.02021872,-0.0208075,0.02892083,-0.001675747,-0.02266467,-0.01621026,-0.01308332,0.03831232,0.06592351,0.01922706,-0.01593745,0.02043977,0.002438441,-0.01540256,-0.01456317,-0.01213886,-0.03744364,-0.0395408,0.01774423,0.0001186132,-0.01226568,0.01982114,0.007984757,-0.003847003,0.01861822,0.007957339,0.001309067,-0.003890306,-0.007241488,-0.003566116,0.01943299,0.00127399,-0.002783388,0.0166111,0.004191399,0.001701385,0.01450403,0.0006952286,-0.0003380179,102.1916,77.80836,49.52029,130.4797,124.9106,55.08945,43.05222,136.9478,39.78714
