{
    "utterances": [
        {
            "text": "Activate",
            "entities": [],
            "traits": [],
            "intent": "start_inference"
        },
        {
            "text": "Add a layer",
            "entities": [],
            "traits": [],
            "intent": "add_layer"
        },
        {
            "text": "Add a node",
            "entities": [],
            "traits": [],
            "intent": "add_node"
        },
        {
            "text": "Create a node",
            "entities": [],
            "traits": [],
            "intent": "add_node"
        },
        {
            "text": "Delete",
            "entities": [],
            "traits": [],
            "intent": "delete_selection"
        },
        {
            "text": "Delete selection",
            "entities": [],
            "traits": [],
            "intent": "delete_selection"
        },
        {
            "text": "Destory selection",
            "entities": [],
            "traits": [],
            "intent": "delete_selection"
        },
        {
            "text": "Destroy",
            "entities": [],
            "traits": [],
            "intent": "delete_selection"
        },
        {
            "text": "Give me a new node",
            "entities": [],
            "traits": [],
            "intent": "add_node"
        },
        {
            "text": "Inference",
            "entities": [],
            "traits": [],
            "intent": "start_inference"
        },
        {
            "text": "Layer",
            "entities": [],
            "traits": [],
            "intent": "add_layer"
        },
        {
            "text": "New layer",
            "entities": [],
            "traits": [],
            "intent": "add_layer"
        },
        {
            "text": "New node",
            "entities": [],
            "traits": [],
            "intent": "add_node"
        },
        {
            "text": "Start inference",
            "entities": [],
            "traits": [],
            "intent": "start_inference"
        }
    ]
}
