{
    "name": "layer_number",
    "roles": [
        "layer_number"
    ],
    "lookups": [
        "free-text",
        "keywords"
    ],
    "keywords": [
        {
            "keyword": "layer 0",
            "synonyms": [
                "layer 0"
            ]
        },
        {
            "keyword": "layer 1",
            "synonyms": [
                "layer 1"
            ]
        },
        {
            "keyword": "layer 10",
            "synonyms": [
                "layer 10"
            ]
        },
        {
            "keyword": "layer 12",
            "synonyms": [
                "layer 12"
            ]
        },
        {
            "keyword": "layer 13",
            "synonyms": [
                "layer 13"
            ]
        },
        {
            "keyword": "layer 17",
            "synonyms": [
                "layer 17"
            ]
        },
        {
            "keyword": "layer 19",
            "synonyms": [
                "layer 19"
            ]
        },
        {
            "keyword": "layer 2",
            "synonyms": [
                "layer 2"
            ]
        },
        {
            "keyword": "layer 23",
            "synonyms": [
                "layer 23"
            ]
        },
        {
            "keyword": "layer 25",
            "synonyms": [
                "layer 25"
            ]
        },
        {
            "keyword": "layer 3",
            "synonyms": [
                "layer 3"
            ]
        },
        {
            "keyword": "layer 4",
            "synonyms": [
                "layer 4"
            ]
        },
        {
            "keyword": "layer 43",
            "synonyms": [
                "layer 43"
            ]
        },
        {
            "keyword": "layer 5",
            "synonyms": [
                "layer 5"
            ]
        },
        {
            "keyword": "layer 6",
            "synonyms": [
                "layer 6"
            ]
        },
        {
            "keyword": "layer 67",
            "synonyms": [
                "layer 67"
            ]
        },
        {
            "keyword": "layer 7",
            "synonyms": [
                "layer 7"
            ]
        },
        {
            "keyword": "layer 8",
            "synonyms": [
                "layer 8"
            ]
        },
        {
            "keyword": "layer 85",
            "synonyms": [
                "layer 85"
            ]
        },
        {
            "keyword": "layer 9",
            "synonyms": [
                "layer 9"
            ]
        }
    ]
}
