{
    "name": "node_number",
    "roles": [
        "node_number"
    ],
    "lookups": [
        "free-text",
        "keywords"
    ],
    "keywords": [
        {
            "keyword": "1 node",
            "synonyms": [
                "1 node"
            ]
        },
        {
            "keyword": "10 nodes",
            "synonyms": [
                "10 nodes"
            ]
        },
        {
            "keyword": "100 nodes",
            "synonyms": [
                "100 nodes"
            ]
        },
        {
            "keyword": "11 nodes",
            "synonyms": [
                "11 nodes"
            ]
        },
        {
            "keyword": "15 nodes",
            "synonyms": [
                "15 nodes"
            ]
        },
        {
            "keyword": "18 nodes",
            "synonyms": [
                "18 nodes"
            ]
        },
        {
            "keyword": "2 nodes",
            "synonyms": [
                "2 nodes"
            ]
        },
        {
            "keyword": "3 nodes",
            "synonyms": [
                "3 nodes"
            ]
        },
        {
            "keyword": "4 nodes",
            "synonyms": [
                "4 nodes"
            ]
        },
        {
            "keyword": "8 nodes",
            "synonyms": [
                "8 nodes"
            ]
        }
    ]
}
